ENCOUNTERCLASS,count,mean,median,q25,q75,iqr,max,p95_threshold_days,median_hours
inpatient,1834,1.0875132527565734,1.0159722222222223,1.0,1.0833333333333333,0.08333333333333326,6.0,1.1666666666666667,
emergency,2089,0.057064783788096374,0.052083333333333336,0.041666666666666664,0.0625,0.020833333333333336,0.3736111111111111,0.10145833333333328,1.25
ambulatory,18851,0.11698156301758232,0.03125,0.010416666666666666,0.052083333333333336,0.04166666666666667,14.0,0.13541666666666666,0.75
outpatient,8890,0.016404199475065613,0.010416666666666666,0.010416666666666666,0.01875,0.008333333333333333,7.0,0.04097222222222222,0.25
urgentcare,2373,0.010416666666666666,0.010416666666666666,0.010416666666666666,0.010416666666666666,0.0,0.010416666666666666,0.010416666666666666,0.25
wellness,19106,0.015533623817997836,0.010416666666666666,0.010416666666666666,0.020833333333333332,0.010416666666666666,0.05347222222222222,0.020833333333333332,0.25
