ENCOUNTERCLASS,count,mean,median,q25,q75,iqr,max
emergency,2061,0.055480079788667855,0.052083333333333336,0.041666666666666664,0.0625,0.020833333333333336,0.13541666666666666
ambulatory,18286,0.04074101923754664,0.030555555555555555,0.010416666666666666,0.052083333333333336,0.04166666666666667,0.13541666666666666
outpatient,8888,0.01483273327332733,0.010416666666666666,0.010416666666666666,0.01875,0.008333333333333333,0.08194444444444444
urgentcare,2373,0.010416666666666666,0.010416666666666666,0.010416666666666666,0.010416666666666666,0.0,0.010416666666666666
wellness,19106,0.015533623817997836,0.010416666666666666,0.010416666666666666,0.020833333333333332,0.010416666666666666,0.05347222222222222
